query,page,clicks,impressions,ctr,position
高年齢求職者給付金 計算ツール,https://shitugyoukyufu.com/calculator.html,59,2379,0.0248,7.544
高齢者 求職者給付金 計算ツール,https://shitugyoukyufu.com/calculator.html,9,99,0.090909,7.091
高齢者求職者給付金 計算ツール,https://shitugyoukyufu.com/calculator.html,3,25,0.12,6.92
協会けんぽ 任意継続,https://shitugyoukyufu.com/health-insurance.html,1,1,1,1
国民健康保険料 免除 失業,https://shitugyoukyufu.com/checklist.html,1,1,1,1
失業保険 自己都合,https://shitugyoukyufu.com/tokutei.html,1,3,0.333333,1
退職サポーターズ 詐欺,https://shitugyoukyufu.com/scam.html,1,1,1,1
退職給付金 詐欺,https://shitugyoukyufu.com/scam.html,1,18,0.055556,19.389
雇用保険 65歳以上 一時金 年金,https://shitugyoukyufu.com/elder.html,1,1,1,1
高年齢受給資格者証,https://shitugyoukyufu.com/elder.html,1,1,1,1
高年齢求職者給付金 求職活動実績,https://shitugyoukyufu.com/elder.html,1,1,1,1
高年齢求職者給付金計算ツール,https://shitugyoukyufu.com/calculator.html,1,63,0.015873,8.508
57歳 仕事辞めたい,https://shitugyoukyufu.com/elder.html,0,1,0,1
60歳で退職 失業保険,https://shitugyoukyufu.com/elder.html,0,1,0,3
60歳定年退職,https://shitugyoukyufu.com/elder.html,0,1,0,3
64歳 干支は,https://shitugyoukyufu.com/elder.html,0,1,0,3
64歳10ヶ月で退職,https://shitugyoukyufu.com/elder.html,0,1,0,1
65 歳 以上 の 失業 保険,https://shitugyoukyufu.com/elder.html,0,2,0,83.5
65 歳 以上 失業 保険,https://shitugyoukyufu.com/elder.html,0,3,0,81.667
65 歳 失業 保険,https://shitugyoukyufu.com/elder.html,0,2,0,82
65才以上の年金と失業保険は同時にうけとれるか,https://shitugyoukyufu.com/elder.html,0,1,0,1
65歳,https://shitugyoukyufu.com/elder.html,0,1,0,3
65歳からの健康保険,https://shitugyoukyufu.com/elder.html,0,1,0,1
65歳からの失業保険,https://shitugyoukyufu.com/elder.html,0,2,0,80.5
65歳は何寿,https://shitugyoukyufu.com/elder.html,0,1,0,1
65歳以上で失業した場合に支給される高年齢求職者給付金があります,https://shitugyoukyufu.com/elder.html,0,3,0,3
65歳以上の失業保険は 何 ヶ月 もらえます か,https://shitugyoukyufu.com/elder.html,0,1,0,80
65歳以上の失業保険は何ヶ月もらえますか,https://shitugyoukyufu.com/elder.html,0,1,0,46
65歳以上の失業給付金は いくら です か,https://shitugyoukyufu.com/elder.html,0,1,0,75
65歳以上の失業給付金はいくら です か,https://shitugyoukyufu.com/elder.html,0,1,0,75
65歳退職 失業保険,https://shitugyoukyufu.com/elder.html,0,1,0,1
67歳,https://shitugyoukyufu.com/elder.html,0,1,0,1
67歳退職,https://shitugyoukyufu.com/elder.html,0,1,0,1
70歳健康保険料,https://shitugyoukyufu.com/health-insurance.html,0,1,0,1
75歳以上 失業給付,https://shitugyoukyufu.com/elder.html,0,1,0,25
よりみち給付金サポート 怪しい,https://shitugyoukyufu.com/scam.html,0,1,0,1
アルバイト失業手当,https://shitugyoukyufu.com/parttime.html,0,1,0,63
ココナラ 失業保険 バレる,https://shitugyoukyufu.com/parttime.html,0,4,0,12.75
ハローワーク 内職 手伝い 4時間未満 基本手当 減額,https://shitugyoukyufu.com/parttime.html,0,3,0,4.667
ハローワーク 基本手当 自己都合 給付制限 1か月 2025,https://shitugyoukyufu.com/voluntary.html,0,1,0,10
ハローワーク 待期 7日 働いたら やり直し,https://shitugyoukyufu.com/parttime.html,0,1,0,12
ハローワーク 待期 7日 働いたら 待期 やり直し,https://shitugyoukyufu.com/parttime.html,0,3,0,8.333
ハローワーク 特定理由離職者 給付制限 かからない,https://shitugyoukyufu.com/tokutei.html,0,2,0,8
ハローワーク 特定理由離職者 給付制限 なし,https://shitugyoukyufu.com/tokutei.html,0,18,0,9.278
ハローワーク 認定日 カレンダー 2025,https://shitugyoukyufu.com/timeline.html,0,1,0,49
ハローワーク 離職理由,https://shitugyoukyufu.com/tokutei.html,0,1,0,3
任意継続 メリット,https://shitugyoukyufu.com/health-insurance.html,0,1,0,1
任意継続保険証,https://shitugyoukyufu.com/health-insurance.html,0,1,0,10
会社の定年は何歳,https://shitugyoukyufu.com/elder.html,0,1,0,3
会社定年退職,https://shitugyoukyufu.com/elder.html,0,1,0,3
会社都合 失業保険,https://shitugyoukyufu.com/company.html,0,3,0,1
公務員 失業保険,https://shitugyoukyufu.com/elder.html,0,1,0,1
協会けんぽ 任意継続 保険料 上限,https://shitugyoukyufu.com/health-insurance.html,0,1,0,1
協会けんぽ 任意継続保険料,https://shitugyoukyufu.com/health-insurance.html,0,1,0,1
厚生労働省 基本手当 受給中 内職 手伝い 申告,https://shitugyoukyufu.com/parttime.html,0,7,0,5.857
厚生労働省 退職後 健康保険 任意継続 国民健康保険 扶養,https://shitugyoukyufu.com/health-insurance.html,0,2,0,10.5
厚生労働省 退職後 健康保険 任意継続 国民健康保険 被扶養者,https://shitugyoukyufu.com/health-insurance.html,0,3,0,11.333
厚生労働省 高年齢求職者給付金 65歳以上 30日 50日,https://shitugyoukyufu.com/elder.html,0,1,0,8
厚生労働省 高年齢求職者給付金 支給日数 30日 50日,https://shitugyoukyufu.com/elder.html,0,1,0,8
国民健康保険 いくら,https://shitugyoukyufu.com/health-insurance.html,0,1,0,1
失業 保険 65 歳 以上,https://shitugyoukyufu.com/elder.html,0,3,0,79
失業 保険 アルバイト 4 時間 以上,https://shitugyoukyufu.com/parttime.html,0,1,0,73
失業 保険 期間 自己 都合,https://shitugyoukyufu.com/voluntary.html,0,1,0,54
失業 保険 自己 都合,https://shitugyoukyufu.com/voluntary.html,0,1,0,58
失業 保険 自己 都合 給付 期間,https://shitugyoukyufu.com/voluntary.html,0,4,0,51.75
失業中 健康保険,https://shitugyoukyufu.com/health-insurance.html,0,1,0,70
失業保険 20時間,https://shitugyoukyufu.com/parttime.html,0,1,0,20
失業保険 4時間未満 バレる,https://shitugyoukyufu.com/parttime.html,0,27,0,7.444
失業保険 4時間未満 損,https://shitugyoukyufu.com/parttime.html,0,6,0,19
失業保険 4時間未満 減額計算,https://shitugyoukyufu.com/parttime.html,0,3,0,11.667
失業保険 65歳以上,https://shitugyoukyufu.com/elder.html,0,1,0,46
失業保険 65歳以上 自己都合,https://shitugyoukyufu.com/elder.html,0,1,0,46
失業保険 せどり ばれる,https://shitugyoukyufu.com/parttime.html,0,1,0,1
失業保険 もらえない人,https://shitugyoukyufu.com/elder.html,0,1,0,1
失業保険 もらった後 働かない,https://shitugyoukyufu.com/health-insurance.html,0,1,0,1
失業保険 アルバイト,https://shitugyoukyufu.com/parttime.html,0,2,0,78.5
失業保険 シミュレーション,https://shitugyoukyufu.com/calculator.html,0,1,0,76
失業保険 バイト ばれる,https://shitugyoukyufu.com/parttime.html,0,2,0,20
失業保険 バイト バレる,https://shitugyoukyufu.com/parttime.html,0,4,0,18.25
失業保険 バイト 手渡し,https://shitugyoukyufu.com/parttime.html,0,3,0,13
失業保険 一年未満 会社都合,https://shitugyoukyufu.com/tokutei.html,0,1,0,3
失業保険 単発バイト バレる,https://shitugyoukyufu.com/parttime.html,0,3,0,11
失業保険 年金 65歳以上,https://shitugyoukyufu.com/elder.html,0,1,0,1
失業保険 年齢,https://shitugyoukyufu.com/elder.html,0,1,0,1
失業保険 待機期間 バイト,https://shitugyoukyufu.com/parttime.html,0,2,0,44
失業保険 待機期間 バイト バレる,https://shitugyoukyufu.com/parttime.html,0,10,0,10.5
失業保険 手伝い 4時間以上 無給,https://shitugyoukyufu.com/parttime.html,0,3,0,10.333
失業保険 手伝い 4時間未満,https://shitugyoukyufu.com/parttime.html,0,2,0,23
失業保険 手伝い 手渡し,https://shitugyoukyufu.com/parttime.html,0,9,0,4.667
失業保険 手渡しバイト,https://shitugyoukyufu.com/parttime.html,0,4,0,10.75
失業保険 日雇い,https://shitugyoukyufu.com/parttime.html,0,1,0,1
失業保険 日雇いバイト ばれる,https://shitugyoukyufu.com/parttime.html,0,12,0,19.75
失業保険 期間 60歳以上,https://shitugyoukyufu.com/elder.html,0,1,0,1
失業保険 期間 自己都合,https://shitugyoukyufu.com/voluntary.html,0,3,0,62
失業保険 条件 65歳以上,https://shitugyoukyufu.com/elder.html,0,2,0,47
失業保険 減額 計算 ツール,https://shitugyoukyufu.com/calculator.html,0,1,0,52
失業保険 減額 計算ツール,https://shitugyoukyufu.com/calculator.html,0,1,0,53
失業保険 減額計算ツール,https://shitugyoukyufu.com/calculator.html,0,1,0,59
失業保険 現金手渡し,https://shitugyoukyufu.com/parttime.html,0,3,0,8
失業保険 自己都合,https://shitugyoukyufu.com/voluntary.html,0,1,0,36
失業保険 自己都合 3ヶ月,https://shitugyoukyufu.com/voluntary.html,0,4,0,47
失業保険 自己都合 理由,https://shitugyoukyufu.com/tokutei.html,0,1,0,3
失業保険 自己都合 給付期間,https://shitugyoukyufu.com/voluntary.html,0,7,0,44.857
失業保険 計算,https://shitugyoukyufu.com/calculator.html,0,1,0,1
失業保険 計算ツール,https://shitugyoukyufu.com/calculator.html,0,1,0,66
失業保険65歳以上 自己都合,https://shitugyoukyufu.com/elder.html,0,1,0,38
失業保険70歳以上,https://shitugyoukyufu.com/elder.html,0,1,0,72
失業保険と遺族年金 64歳,https://shitugyoukyufu.com/elder.html,0,1,0,1
失業保険もらいながらバイト,https://shitugyoukyufu.com/parttime.html,0,1,0,1
失業保険アルバイト,https://shitugyoukyufu.com/parttime.html,0,1,0,97
失業保険サポート 詐欺,https://shitugyoukyufu.com/scam.html,0,3,0,20.667
失業保険不正受給 体験談,https://shitugyoukyufu.com/scam.html,0,20,0,10.7
失業保険受給中 アルバイト,https://shitugyoukyufu.com/parttime.html,0,1,0,1
失業保険受給中 バイト,https://shitugyoukyufu.com/parttime.html,0,1,0,17
失業保険国民健康保険,https://shitugyoukyufu.com/health-insurance.html,0,1,0,49
失業保険計算ツール,https://shitugyoukyufu.com/calculator.html,0,2,0,61.5
失業手当,https://shitugyoukyufu.com/elder.html,0,1,0,1
失業手当 65歳以上,https://shitugyoukyufu.com/elder.html,0,1,0,18
失業手当 バイト 4時間ピッタリ,https://shitugyoukyufu.com/parttime.html,0,2,0,18.5
失業手当 バイト 4時間以上 先送り,https://shitugyoukyufu.com/parttime.html,0,1,0,41
失業手当 待期期間 バイト,https://shitugyoukyufu.com/parttime.html,0,1,0,47
失業手当 待機期間 バイト,https://shitugyoukyufu.com/parttime.html,0,1,0,55
失業手当 日雇いバイト,https://shitugyoukyufu.com/parttime.html,0,1,0,13
失業手当 自己都合,https://shitugyoukyufu.com/voluntary.html,0,3,0,46.667
失業手当 計算 シュミレーション,https://shitugyoukyufu.com/calculator.html,0,1,0,69
失業手当 計算 シュミレーション 2025,https://shitugyoukyufu.com/calculator.html,0,1,0,54
失業手当65歳以上,https://shitugyoukyufu.com/elder.html,0,1,0,86
失業手当シミュレーション,https://shitugyoukyufu.com/calculator.html,0,1,0,68
失業給付金,https://shitugyoukyufu.com/elder.html,0,1,0,1
定年 65歳 誕生日,https://shitugyoukyufu.com/elder.html,0,1,0,3
定年とは何歳,https://shitugyoukyufu.com/elder.html,0,1,0,3
定年退職,https://shitugyoukyufu.com/elder.html,0,10,0,3
定年退職とは,https://shitugyoukyufu.com/elder.html,0,1,0,3
日本生命 退職,https://shitugyoukyufu.com/checklist.html,0,1,0,4
正当な理由のある自己都合退職,https://shitugyoukyufu.com/tokutei.html,0,3,0,3
派遣 失業保険 1ヶ月待機 改正,https://shitugyoukyufu.com/voluntary.html,0,1,0,33
無職になった 国民健康保険,https://shitugyoukyufu.com/health-insurance.html,0,1,0,1
特定理由離職者 給付制限 かからない,https://shitugyoukyufu.com/tokutei.html,0,1,0,9
特定理由離職者 給付制限 なし,https://shitugyoukyufu.com/tokutei.html,0,14,0,8.571
特定理由離職者 給付制限 なし ハローワーク,https://shitugyoukyufu.com/tokutei.html,0,6,0,8.167
特定理由離職者 給付制限 なし 自己都合,https://shitugyoukyufu.com/tokutei.html,0,2,0,11
特定理由離職者 腰痛,https://shitugyoukyufu.com/tokutei.html,0,7,0,9.714
特定理由離職者 診断書 いらない,https://shitugyoukyufu.com/tokutei.html,0,1,0,46
社会保険と国民 保険どっちが安い 退職後,https://shitugyoukyufu.com/health-insurance.html,0,1,0,1
社会保険給付金サポート 怪しい,https://shitugyoukyufu.com/scam.html,0,3,0,40.333
給付制限期間 アルバイト 4時間以上,https://shitugyoukyufu.com/parttime.html,0,1,0,1
給付金 計算,https://shitugyoukyufu.com/calculator.html,0,2,0,39
職業訓練,https://shitugyoukyufu.com/parttime.html,0,1,0,3
自己 都合 退職 失業 手当,https://shitugyoukyufu.com/voluntary.html,0,1,0,98
自己都合 失業保険 いつから,https://shitugyoukyufu.com/timeline.html,0,1,0,1
自己都合 退職 待機期間,https://shitugyoukyufu.com/timeline.html,0,1,0,1
自己都合退職 失業保険 待機期間 給付制限 最新,https://shitugyoukyufu.com/voluntary.html,0,2,0,7
自己都合退職 失業手当,https://shitugyoukyufu.com/voluntary.html,0,1,0,48
自己都合退職 失業手当 いつから,https://shitugyoukyufu.com/elder.html,0,1,0,1
退職後 任意継続 国民健康保険 どっちが得,https://shitugyoukyufu.com/health-insurance.html,0,2,0,1
退職後 任意継続 国民健康保険どっちが得,https://shitugyoukyufu.com/health-insurance.html,0,1,0,1
退職後 国民健康保険料計算 シュミレーション,https://shitugyoukyufu.com/health-insurance.html,0,1,0,1
退職手当 ハローワーク,https://shitugyoukyufu.com/elder.html,0,1,0,1
退職済,https://shitugyoukyufu.com/checklist.html,0,1,0,2
退職給付金 シュミレーター,https://shitugyoukyufu.com/calculator.html,0,1,0,11
退職給付金 広告 詐欺,https://shitugyoukyufu.com/scam.html,0,1,0,16
退職給付金 診断 詐欺,https://shitugyoukyufu.com/scam.html,0,2,0,4
退職給付金 詐欺 注意,https://shitugyoukyufu.com/scam.html,0,1,0,9
退職給付金シュミレーター,https://shitugyoukyufu.com/calculator.html,0,3,0,11.667
退職給付金診断 詐欺,https://shitugyoukyufu.com/scam.html,0,1,0,4
退職給付金詐欺,https://shitugyoukyufu.com/scam.html,0,1,0,20
退職金 60歳 65歳,https://shitugyoukyufu.com/elder.html,0,1,0,3
雇用保険 失業給付 待期 7日 働いたら やり直し,https://shitugyoukyufu.com/parttime.html,0,4,0,10.75
離職理由 異議申し立て 結果,https://shitugyoukyufu.com/tokutei.html,0,1,0,7
離職理由33,https://shitugyoukyufu.com/tokutei.html,0,1,0,1
離職理由コード 24,https://shitugyoukyufu.com/tokutei.html,0,1,0,1
離職票 65歳以上,https://shitugyoukyufu.com/elder.html,0,1,0,1
離職票 離職理由コード,https://shitugyoukyufu.com/tokutei.html,0,1,0,15
高 年齢 求職 者 給付 金,https://shitugyoukyufu.com/elder.html,0,6,0,81.667
高 年齢 求職 者 給付 金 計算,https://shitugyoukyufu.com/calculator.html,0,2,0,80
高年齢 求職者 給付金,https://shitugyoukyufu.com/elder.html,0,1,0,80
高年齢求職者給付金,https://shitugyoukyufu.com/elder.html,0,2,0,47.5
高年齢求職者給付金 65歳以上,https://shitugyoukyufu.com/elder.html,0,7,0,15.857
高年齢求職者給付金 65歳以上 支給日数 30日 50日,https://shitugyoukyufu.com/elder.html,0,1,0,10
高年齢求職者給付金 65歳以上 退職日 誕生日 前日 年齢計算,https://shitugyoukyufu.com/elder.html,0,1,0,9
高年齢求職者給付金 70歳以上 いくらもらえる,https://shitugyoukyufu.com/elder.html,0,1,0,1
高年齢求職者給付金 と年金,https://shitugyoukyufu.com/elder.html,0,1,0,77
高年齢求職者給付金 シュミレーション,https://shitugyoukyufu.com/calculator.html,0,1,0,17
高年齢求職者給付金 上限額,https://shitugyoukyufu.com/elder.html,0,1,0,70
高年齢求職者給付金 基本手当日額 上限 65歳以上 2025,https://shitugyoukyufu.com/elder.html,0,9,0,7.778
高年齢求職者給付金 支給 日,https://shitugyoukyufu.com/elder.html,0,1,0,54
高年齢求職者給付金 日額,https://shitugyoukyufu.com/elder.html,0,1,0,77
高年齢求職者給付金 求職活動 回数,https://shitugyoukyufu.com/elder.html,0,1,0,48
高年齢求職者給付金 給付制限,https://shitugyoukyufu.com/elder.html,0,1,0,69
高年齢求職者給付金 給付制限 自己都合 2025,https://shitugyoukyufu.com/elder.html,0,1,0,7
高年齢求職者給付金 自己都合,https://shitugyoukyufu.com/elder.html,0,1,0,68
高年齢求職者給付金 自己都合 給付制限 あるか,https://shitugyoukyufu.com/elder.html,0,3,0,10.333
高年齢求職者給付金 計算,https://shitugyoukyufu.com/calculator.html,0,1,0,66
高年齢求職者給付金 計算方法,https://shitugyoukyufu.com/calculator.html,0,1,0,97
高年齢求職者給付金 計算方法,https://shitugyoukyufu.com/elder.html,0,2,0,74.5
高年齢求職者給付金とは,https://shitugyoukyufu.com/elder.html,0,1,0,79
高年齢求職者給付金と失業保険 どちらが得,https://shitugyoukyufu.com/elder.html,0,1,0,46
高年齢求職者給付金をもらうには,https://shitugyoukyufu.com/elder.html,0,1,0,3
高年齢求職者給付金待機期間,https://shitugyoukyufu.com/elder.html,0,1,0,8
高年齢雇用継続給付金 計算ツール,https://shitugyoukyufu.com/calculator.html,0,1,0,59
高齢 求職 者,https://shitugyoukyufu.com/elder.html,0,1,0,69
高齢 者 求職 者 給付 金,https://shitugyoukyufu.com/elder.html,0,1,0,92
高齢求職者給付金,https://shitugyoukyufu.com/elder.html,0,1,0,76
ﾊﾞｲﾄ 失業保険,https://shitugyoukyufu.com/parttime.html,0,3,0,63.667
